start,start/step,0,timestamp,1609861785.6864069
start,start/step,0,timestamp,1609862052.6266077
start,start/step,0,timestamp,1609862423.3913608
start,start/step,0,timestamp,1609862510.3798668
start,start/step,0,timestamp,1609862545.550281
start,start/step,0,timestamp,1609862573.9977028
start,start/step,0,timestamp,1609862679.9742985
start,start/step,0,timestamp,1609862683.356527
start,start/step,0,timestamp,1609862754.269253
start,start/step,0,timestamp,1609864101.1877089
start,start/step,0,timestamp,1609866449.994296
start,start/step,0,timestamp,1609869495.0820744
start,start/step,0,timestamp,1609869926.7825344
start,start/step,0,timestamp,1609870636.2173262
start,start/step,0,timestamp,1609871228.1399772
start,start/step,0,timestamp,1610761897.7469
start,start/step,0,timestamp,1610770416.040181
start,start/step,0,timestamp,1610770435.5949647
start,start/step,0,timestamp,1610771912.8338957
start,start/step,0,timestamp,1610812631.4521015
start,start/step,0,timestamp,1610814338.4785583
start,start/step,0,timestamp,1610814371.0627496
start,start/step,0,timestamp,1610814404.2637324
